{
    "usuarios": [
      { "id": "1", "nombre": "agustin", "pass": "123", "administrador":1, "administrador": 1 },
      { "id": "2", "nombre": "ana", "pass": "456", "administrador": 0 , "administrador": 0 },
      { "id": "3", "nombre": "juanito", "pass": "789", "administrador": 0, "administrador": 0 }
    ],

    "frutas" : [
      { "id": "1", "nombre": "Manzana", "precio": "5",  "url": "/imagenes/manzana.jpg" },
      { "id": "2", "nombre": "Pera", "precio": "7",  "url": "/imagenes/pera.jpg" },
      { "id": "3", "nombre": "Platano", "precio": "4",  "url": "/imagenes/platano.jpg" },  
      { "id": "4", "nombre": "Aceitunas", "precio": "10",  "url": "/imagenes/aceitunas.jpg" }      
    ]
   
  }

